{
"RECORDS":[
{
"ID":"2c9f6c946016ea9b016016f79c8e0000",
"MALL_CATEGORY_ID":"1",
"MALL_SUB_NAME":"热带水果",
"COMMENTS":null,
"SORT":1
},
{
"ID":"2c9f6c946016f86f01601709335d0000",
"MALL_CATEGORY_ID":"5",
"MALL_SUB_NAME":"乳制饮料",
"COMMENTS":null,
"SORT":9
},
{
"ID":"2c9f6c9460337d540160337fefd60000",
"MALL_CATEGORY_ID":"2",
"MALL_SUB_NAME":"白酒",
"COMMENTS":null,
"SORT":1
},
{
"ID":"2c9f6c946077476a0160781eb392000d",
"MALL_CATEGORY_ID":"5",
"MALL_SUB_NAME":"咖啡茶饮",
"COMMENTS":null,
"SORT":10
},
{
"ID":"2c9f6c946077476a0160781f6d8c000e",
"MALL_CATEGORY_ID":"5",
"MALL_SUB_NAME":"功能饮料",
"COMMENTS":null,
"SORT":12
},
{
"ID":"2c9f6c94608ff843016095163b8c0177",
"MALL_CATEGORY_ID":"1",
"MALL_SUB_NAME":"时令水果",
"COMMENTS":null,
"SORT":2
},
{
"ID":"2c9f6c94609a62be0160a02d1dc20021",
"MALL_CATEGORY_ID":"5",
"MALL_SUB_NAME":"饼干糕点",
"COMMENTS":null,
"SORT":1
},
{
"ID":"2c9f6c94609a62be0160a02de70e0022",
"MALL_CATEGORY_ID":"5",
"MALL_SUB_NAME":"冲调饮品",
"COMMENTS":null,
"SORT":4
},
{
"ID":"2c9f6c9460a03c0c0160a041ab1d0000",
"MALL_CATEGORY_ID":"3",
"MALL_SUB_NAME":"奶油奶酪",
"COMMENTS":null,
"SORT":4
},
{
"ID":"2c9f6c94621970a801626a35cb4d0175",
"MALL_CATEGORY_ID":"4",
"MALL_SUB_NAME":"进口护理",
"COMMENTS":null,
"SORT":1
},
{
"ID":"2c9f6c94621970a801626a363e5a0176",
"MALL_CATEGORY_ID":"4",
"MALL_SUB_NAME":"口腔护理",
"COMMENTS":null,
"SORT":2
},
{
"ID":"2c9f6c94621970a801626a3770620177",
"MALL_CATEGORY_ID":"4",
"MALL_SUB_NAME":"特殊用纸",
"COMMENTS":null,
"SORT":3
},
{
"ID":"2c9f6c94621970a801626a40feac0178",
"MALL_CATEGORY_ID":"2",
"MALL_SUB_NAME":"洋酒",
"COMMENTS":null,
"SORT":4
},
{
"ID":"2c9f6c94621970a801626a412c240179",
"MALL_CATEGORY_ID":"2",
"MALL_SUB_NAME":"海外直采",
"COMMENTS":null,
"SORT":5
},
{
"ID":"2c9f6c94626a435f01626a4a7f590000",
"MALL_CATEGORY_ID":"5",
"MALL_SUB_NAME":"进口食品",
"COMMENTS":null,
"SORT":5
},
{
"ID":"402880e86016d1b5016016db9b290001",
"MALL_CATEGORY_ID":"1",
"MALL_SUB_NAME":"苹果\/梨",
"COMMENTS":null,
"SORT":3
},
{
"ID":"402880e86016d1b5016016dbff2f0002",
"MALL_CATEGORY_ID":"1",
"MALL_SUB_NAME":"柑橘橙柚",
"COMMENTS":null,
"SORT":4
},
{
"ID":"402880e86016d1b5016016df1f92000c",
"MALL_CATEGORY_ID":"2",
"MALL_SUB_NAME":"葡萄酒",
"COMMENTS":null,
"SORT":3
},
{
"ID":"402880e86016d1b5016016e083f10010",
"MALL_CATEGORY_ID":"2",
"MALL_SUB_NAME":"啤酒",
"COMMENTS":null,
"SORT":2
},
{
"ID":"402880e86016d1b5016016e135440011",
"MALL_CATEGORY_ID":"3",
"MALL_SUB_NAME":"鲜奶",
"COMMENTS":null,
"SORT":1
},
{
"ID":"402880e86016d1b5016016e171cc0012",
"MALL_CATEGORY_ID":"3",
"MALL_SUB_NAME":"酸奶",
"COMMENTS":null,
"SORT":2
},
{
"ID":"402880e86016d1b5016016e240e60013",
"MALL_CATEGORY_ID":"3",
"MALL_SUB_NAME":"乳酸菌",
"COMMENTS":null,
"SORT":3
},
{
"ID":"402880e86016d1b5016016e4ac16001d",
"MALL_CATEGORY_ID":"5",
"MALL_SUB_NAME":"坚果炒货",
"COMMENTS":null,
"SORT":6
},
{
"ID":"402880e86016d1b5016016e4dca2001e",
"MALL_CATEGORY_ID":"5",
"MALL_SUB_NAME":"休闲小食",
"COMMENTS":null,
"SORT":2
},
{
"ID":"402880e86016d1b5016016e51380001f",
"MALL_CATEGORY_ID":"5",
"MALL_SUB_NAME":"糖果巧克力",
"COMMENTS":null,
"SORT":3
},
{
"ID":"402880e86016d1b5016016e549710020",
"MALL_CATEGORY_ID":"5",
"MALL_SUB_NAME":"饮用水",
"COMMENTS":null,
"SORT":7
},
{
"ID":"402880e86016d1b5016016e62bbd0021",
"MALL_CATEGORY_ID":"5",
"MALL_SUB_NAME":"碳酸饮料",
"COMMENTS":null,
"SORT":11
},
{
"ID":"402880e86016d1b5016016e656c50022",
"MALL_CATEGORY_ID":"5",
"MALL_SUB_NAME":"果蔬汁",
"COMMENTS":null,
"SORT":8
}
]
}